{"mass":1.231,"centerOfMass":[-0.00763,-0.00259,0.0776],"transformation":[-0.7071,0.7071,0,0,-0.7071,-0.7071,0,0,0,0,1,0,0,0,0.1034,1],"inertia":[0.0037,0.001,0,0.001,0.0036,0,0,0,0.0024]}