{
    "bias": [
        -0.5457786073263153,
        -3.1085354073178593,
        0.7168447387668181,
        -0.042693490827974356,
        -0.07296943741756624,
        -0.07804358007566221
    ],
    "load_mass": [
        0.35119963985813957,
        -0.2294094436883308,
        -8.637716929836566
    ]
}
