{
    "bias": [
        0.224837,
        -2.18207,
        -0.619812,
        -0.0667742,
		-0.109459,
		-0.0215571
    ],
    "load_mass": [
        0.52889,
		-0.499804,
		-8.74462
    ]
}
