{
    "bias": [
        -0.09213159031848679,
        -3.3183288749294912,
        -0.35965654286473914,
        0.015333017841768807,
        -0.090104169881841,
        -0.06045942768599308
    ],
    "load_mass": [
        0.14335068105949336,
        -0.19212528147183078,
        -3.8542298918565407
    ]
}
