{
    "bias": [
        -0.556029,
        -3.17169,
        0.895239,
        -0.051808,
        -0.0642001,
        -0.0869519
    ],
    "load_mass": [
        0.23550389399240598,
        -0.19344284818539484,
        -8.626537411642577
    ]
}
