{
    "bias": [
        -2.0406362884402567,
        2.63746231078257,
        -44.49634684861659,
        0.0578708124377251,
        0.3816967767220438,
        -0.02724223541802776
    ],
    "load_mass": 0.8993792479126388
}
